[
  {
    "id": "961f56be-e0ff-4a71-81b7-cbbf36ba75de",
    "data": [
      {
        "text": "What\u0027s happening on ",
        "userDefined": false
      },
      {
        "text": "campus",
        "meta": "@event",
        "alias": "event_type",
        "userDefined": true
      },
      {
        "text": "?",
        "userDefined": false
      }
    ],
    "isTemplate": false,
    "count": 0,
    "lang": "en",
    "updated": 0
  },
  {
    "id": "4bde4ff2-11d3-4d3f-a501-dc40c8a65bd1",
    "data": [
      {
        "text": "Tell me about upcoming ",
        "userDefined": false
      },
      {
        "text": "sports",
        "meta": "@event",
        "alias": "event_type",
        "userDefined": false
      },
      {
        "text": " events",
        "userDefined": false
      }
    ],
    "isTemplate": false,
    "count": 0,
    "lang": "en",
    "updated": 0
  },
  {
    "id": "f7158446-3ad5-478e-a50a-f6009d86b6d8",
    "data": [
      {
        "text": "Are there any ",
        "userDefined": false
      },
      {
        "text": "concerts",
        "meta": "@event",
        "alias": "event_type",
        "userDefined": true
      },
      {
        "text": " coming up?",
        "userDefined": false
      }
    ],
    "isTemplate": false,
    "count": 0,
    "lang": "en",
    "updated": 0
  },
  {
    "id": "de6be3b3-434c-41dd-b472-9fb173550902",
    "data": [
      {
        "text": "What events are happening ",
        "userDefined": false
      },
      {
        "text": "this week",
        "meta": "@event",
        "alias": "event_type",
        "userDefined": false
      },
      {
        "text": "?",
        "userDefined": false
      }
    ],
    "isTemplate": false,
    "count": 0,
    "lang": "en",
    "updated": 0
  }
]