[
  {
    "id": "ccc59c8a-db70-4f3e-9b52-88b2cbe40e75",
    "data": [
      {
        "text": "What\u0027s my Monday schedule?",
        "userDefined": false
      }
    ],
    "isTemplate": false,
    "count": 0,
    "lang": "en",
    "updated": 0
  },
  {
    "id": "4f0c978a-a031-4483-9be5-2ea1035b8aff",
    "data": [
      {
        "text": "When is my next class?",
        "userDefined": false
      }
    ],
    "isTemplate": false,
    "count": 0,
    "lang": "en",
    "updated": 0
  },
  {
    "id": "530371ca-034a-45e7-aab8-1bcead77e79b",
    "data": [
      {
        "text": "Show me my schedule",
        "userDefined": false
      }
    ],
    "isTemplate": false,
    "count": 0,
    "lang": "en",
    "updated": 0
  },
  {
    "id": "572e72bb-62eb-4dd0-ad93-ef125a32a943",
    "data": [
      {
        "text": "What classes do I have ",
        "userDefined": false
      },
      {
        "text": "today",
        "meta": "@sys.date-time",
        "alias": "date-time",
        "userDefined": false
      },
      {
        "text": "?",
        "userDefined": false
      }
    ],
    "isTemplate": false,
    "count": 0,
    "lang": "en",
    "updated": 0
  }
]