[
  {
    "id": "e2ac83a6-7c1b-434e-b7ec-0115c75d1749",
    "data": [
      {
        "text": "What are the prerequisites for PSYCH",
        "userDefined": false
      },
      {
        "text": "300",
        "meta": "@course",
        "alias": "course_code",
        "userDefined": false
      },
      {
        "text": "?",
        "userDefined": false
      }
    ],
    "isTemplate": false,
    "count": 0,
    "lang": "en",
    "updated": 0
  },
  {
    "id": "c5f4a14b-d8d3-4077-8419-e725378fcd6e",
    "data": [
      {
        "text": "I need information about MATH",
        "userDefined": false
      },
      {
        "text": "150",
        "meta": "@course",
        "alias": "course_code",
        "userDefined": false
      }
    ],
    "isTemplate": false,
    "count": 0,
    "lang": "en",
    "updated": 0
  },
  {
    "id": "d0e76831-7c9a-44d8-abdd-d531a6da88c6",
    "data": [
      {
        "text": "What\u0027s MTH",
        "userDefined": false
      },
      {
        "text": "1014",
        "meta": "@course",
        "alias": "course_code",
        "userDefined": false
      },
      {
        "text": " about?",
        "userDefined": false
      }
    ],
    "isTemplate": false,
    "count": 0,
    "lang": "en",
    "updated": 0
  },
  {
    "id": "c361c321-433d-426c-937e-8eeed7765608",
    "data": [
      {
        "text": "Tell me about CUS",
        "userDefined": false
      },
      {
        "text": "1115",
        "meta": "@course",
        "alias": "course_code",
        "userDefined": false
      }
    ],
    "isTemplate": false,
    "count": 0,
    "lang": "en",
    "updated": 0
  }
]