[
  {
    "value": "CUS1115",
    "synonyms": [
      "CUS1115",
      "Intro to Computer Science, Computer Programming Fundamental I"
    ]
  },
  {
    "value": "MTH1014",
    "synonyms": [
      "MTH1014",
      "Mathematics 1014, Probability and Statistics II"
    ]
  },
  {
    "value": "THE1000",
    "synonyms": [
      "THE1000",
      "Theology 1000, Introduction to Christianity"
    ]
  },
  {
    "value": "PHI1000",
    "synonyms": [
      "PHI1000",
      "Philosophy 1000, Phil of the Human Person"
    ]
  }
]